leitor,blind_code,ponto,forma,localizacao,selecao,assinatura,parte_comum,custo_caso_novo,proporcao,evidencia,duvida,observacao
A,2NPV,P1,enum-abstrato,isolado,consulta,comporta,unica,1,n/a,"forma: src/main/java/com/loja/checkout/dominio/ModalidadeEntrega.java:13; localizacao: src/main/java/com/loja/checkout/dominio/ModalidadeEntrega.java:15-48 (os quatro casos só aparecem neste arquivo); selecao: src/main/java/com/loja/checkout/dominio/ModalidadeEntrega.java:60 (Map.get); assinatura: src/main/java/com/loja/checkout/dominio/ModalidadeEntrega.java:69 (atende no contrato) + :45 (MOTOBOY) + src/main/java/com/loja/checkout/servico/CalculadoraResumo.java:31 (chamada genérica, sem if sobre o caso); parte_comum: src/main/java/com/loja/checkout/dominio/ModalidadeEntrega.java:77 (porKg escrito uma vez, usado em :18 e :25) + src/main/java/com/loja/checkout/servico/CalculadoraResumo.java:34 (arredondamento central); custo_caso_novo: src/main/java/com/loja/checkout/dominio/ModalidadeEntrega.java; proporcao: n/a",,"Prazo vai como argumento do construtor de cada constante (dado); frete e disponibilidade como corpo."
A,2NPV,P2,enum-abstrato,isolado,consulta,comporta,unica,1,n/a,"forma: src/main/java/com/loja/checkout/dominio/Cupom.java:14; localizacao: src/main/java/com/loja/checkout/dominio/Cupom.java:16-51 (casos só aparecem neste arquivo); selecao: src/main/java/com/loja/checkout/dominio/Cupom.java:61 (Map.get); assinatura: src/main/java/com/loja/checkout/dominio/Cupom.java:68 (aplicavel no contrato; MENOS50 em :27) + src/main/java/com/loja/checkout/dominio/ContextoCupom.java:6 (pedido e frete no contexto; FRETEGRATIS em Cupom.java:40; LEVE3PAGUE2 em Cupom.java:47) + src/main/java/com/loja/checkout/servico/CalculadoraResumo.java:67; parte_comum: src/main/java/com/loja/checkout/servico/CalculadoraResumo.java:70 (arredondamento do desconto uma vez) + src/main/java/com/loja/checkout/api/ResumoRequest.java:42 (um cupom só, por estrutura); custo_caso_novo: src/main/java/com/loja/checkout/dominio/Cupom.java; proporcao: n/a",,
A,2NPV,P3,enum-abstrato,isolado,consulta,comporta,indeterminado,1,n/a,"forma: src/main/java/com/loja/checkout/dominio/FormaPagamento.java:13; localizacao: src/main/java/com/loja/checkout/dominio/FormaPagamento.java:15-80 (casos só aparecem neste arquivo); selecao: src/main/java/com/loja/checkout/dominio/FormaPagamento.java:86 (Map.get); assinatura: src/main/java/com/loja/checkout/dominio/FormaPagamento.java:93 (parcelamentoPermitido) + :95 (calcular recebe parcelas; CARTAO em :37-58) + :97 (atende; BOLETO em :71) + src/main/java/com/loja/checkout/servico/CalculadoraResumo.java:47 e :50 (chamadas genéricas); parte_comum: indeterminado, ver duvida (src/main/java/com/loja/checkout/servico/CalculadoraResumo.java:60; src/main/java/com/loja/checkout/dominio/FormaPagamento.java:25 :49 :77); custo_caso_novo: src/main/java/com/loja/checkout/dominio/FormaPagamento.java; proporcao: n/a","parte_comum (§2.5): ajustePagamento = totalFinal − total está escrito uma vez (servico/CalculadoraResumo.java:60) e a regra de arredondamento está definida uma vez (dominio/Dinheiro.java:18), mas cada constante chama Dinheiro.centavos sobre o próprio total final (dominio/FormaPagamento.java:25, :49, :77). A régua não diz se a mesma chamada ao auxiliar repetida em cada caso é 'trecho copiado' (repetida) ou se basta a regra estar escrita uma vez (unica).",
A,2WXB,P1,enum-abstrato,isolado,consulta,comporta,repetida,1,n/a,"forma: src/main/java/com/loja/checkout/domain/ModalidadeEntrega.java:10; localizacao: src/main/java/com/loja/checkout/domain/ModalidadeEntrega.java:12-78 (casos só aparecem neste arquivo); selecao: src/main/java/com/loja/checkout/service/CheckoutService.java:104 (Enum.valueOf); assinatura: src/main/java/com/loja/checkout/domain/ModalidadeEntrega.java:84 (disponivel no contrato; MOTOBOY em :75) + src/main/java/com/loja/checkout/service/CheckoutService.java:29 (chamada genérica); parte_comum: src/main/java/com/loja/checkout/domain/ModalidadeEntrega.java:15 e :32 (fórmula fixo + porKg × peso escrita duas vezes); custo_caso_novo: src/main/java/com/loja/checkout/domain/ModalidadeEntrega.java; proporcao: n/a",,"Arredondamento do frete central (service/CheckoutService.java:32); a repetição é só da fórmula."
A,2WXB,P2,enum-abstrato,isolado,consulta,comporta,unica,1,n/a,"forma: src/main/java/com/loja/checkout/domain/Cupom.java:11; localizacao: src/main/java/com/loja/checkout/domain/Cupom.java:13-64 (casos só aparecem neste arquivo); selecao: src/main/java/com/loja/checkout/service/CheckoutService.java:112 (Enum.valueOf); assinatura: src/main/java/com/loja/checkout/domain/Cupom.java:66 (aplicavel; MENOS50 em :27) + src/main/java/com/loja/checkout/domain/ContextoCupom.java:8 (subtotal, frete e itens; FRETEGRATIS em Cupom.java:45; LEVE3PAGUE2 em Cupom.java:58) + src/main/java/com/loja/checkout/service/CheckoutService.java:38; parte_comum: src/main/java/com/loja/checkout/service/CheckoutService.java:41 (arredondamento uma vez); custo_caso_novo: src/main/java/com/loja/checkout/domain/Cupom.java; proporcao: n/a",,"ContextoCupom (domínio) carrega o DTO ItemPedidoDto (domain/ContextoCupom.java:3)."
A,2WXB,P3,enum-abstrato,isolado,consulta,comporta,indeterminado,1,n/a,"forma: src/main/java/com/loja/checkout/domain/FormaPagamento.java:9; localizacao: src/main/java/com/loja/checkout/domain/FormaPagamento.java:11-77 (casos só aparecem neste arquivo); selecao: src/main/java/com/loja/checkout/service/CheckoutService.java:123 (Enum.valueOf); assinatura: src/main/java/com/loja/checkout/domain/FormaPagamento.java:79 (parcelasValidas) + :81 (disponivel; BOLETO em :38) + :83 (calcular recebe parcelas; CARTAO em :61-76) + src/main/java/com/loja/checkout/service/CheckoutService.java:46 e :51; parte_comum: indeterminado, ver duvida (src/main/java/com/loja/checkout/domain/FormaPagamento.java:26 :45 :65 :74; src/main/java/com/loja/checkout/service/CheckoutService.java:62); custo_caso_novo: src/main/java/com/loja/checkout/domain/FormaPagamento.java; proporcao: n/a","parte_comum (§2.5): ajustePagamento = totalFinal − total não está escrito num lugar comum: cada constante devolve o próprio ajuste (domain/FormaPagamento.java:26 desconto negado, :45 tarifa, :65 zero, :74 totalFinal − totalPedido) e o serviço só repassa (service/CheckoutService.java:62). Não é cópia do mesmo trecho (só o CARTAO subtrai), então nem unica nem repetida descrevem o caso; a régua não tem valor para regra comum reimplementada caso a caso. Soma-se a dúvida do arredondamento chamado dentro dos casos (:24, :63, :72).","CARTAO calcula a Price em double (domain/FormaPagamento.java:68-71)."
A,6JKK,P1,classes,isolado,consulta,comporta,repetida,0,n/a,"forma: src/main/java/com/loja/checkout/entrega/ModalidadeEntregaEstrategia.java:5; localizacao: src/main/java/com/loja/checkout/entrega/EconomicaEstrategia.java:15, ExpressaEstrategia.java:15, RetiradaLojaEstrategia.java:12, MotoboyEstrategia.java:15 (cada caso só no próprio arquivo); selecao: src/main/java/com/loja/checkout/entrega/EntregaService.java:20 e :24 (beans por chave, Map.get); assinatura: src/main/java/com/loja/checkout/entrega/ModalidadeEntregaEstrategia.java:9 (disponivel) + src/main/java/com/loja/checkout/entrega/MotoboyEstrategia.java:19 + src/main/java/com/loja/checkout/service/CheckoutService.java:42; parte_comum: src/main/java/com/loja/checkout/entrega/EconomicaEstrategia.java:25 e src/main/java/com/loja/checkout/entrega/ExpressaEstrategia.java:25 (mesma fórmula nas duas classes); custo_caso_novo: nenhum arquivo existente (classe nova com @Component é descoberta em EntregaService.java:18); proporcao: n/a",,
A,6JKK,P2,classes,isolado,consulta,comporta,unica,0,n/a,"forma: src/main/java/com/loja/checkout/cupom/CupomEstrategia.java:8; localizacao: src/main/java/com/loja/checkout/cupom/BemVindo10Estrategia.java:16, Menos50Estrategia.java:17, FreteGratisEstrategia.java:14, Leve3Pague2Estrategia.java:16 (cada caso só no próprio arquivo); selecao: src/main/java/com/loja/checkout/cupom/CupomService.java:19 e :23 (beans por chave, Map.get); assinatura: src/main/java/com/loja/checkout/cupom/CupomEstrategia.java:12 (aplicavel; MENOS50 em Menos50Estrategia.java:22) + :14 (calcularDesconto recebe itens e frete; FreteGratisEstrategia.java:24; Leve3Pague2Estrategia.java:27) + src/main/java/com/loja/checkout/service/CheckoutService.java:51 e :54; parte_comum: src/main/java/com/loja/checkout/service/CheckoutService.java:54 (arredondamento uma vez); custo_caso_novo: nenhum arquivo existente; proporcao: n/a",,
A,6JKK,P3,classes,isolado,consulta,comporta,indeterminado,0,n/a,"forma: src/main/java/com/loja/checkout/pagamento/PagamentoEstrategia.java:5; localizacao: src/main/java/com/loja/checkout/pagamento/PixEstrategia.java:15, CartaoEstrategia.java:18, BoletoEstrategia.java:15 (cada caso só no próprio arquivo); selecao: src/main/java/com/loja/checkout/pagamento/PagamentoService.java:19 e :23 (beans por chave, Map.get); assinatura: src/main/java/com/loja/checkout/pagamento/PagamentoEstrategia.java:9 (parcelasValidas) + :11 (disponivel; BoletoEstrategia.java:25) + :13 (calcular recebe parcelas; CartaoEstrategia.java:32-48) + src/main/java/com/loja/checkout/service/CheckoutService.java:61 e :64; parte_comum: indeterminado, ver duvida (src/main/java/com/loja/checkout/pagamento/PixEstrategia.java:31; BoletoEstrategia.java:31; CartaoEstrategia.java:36 :46; src/main/java/com/loja/checkout/service/CheckoutService.java:75); custo_caso_novo: nenhum arquivo existente; proporcao: n/a","parte_comum (§2.5): mesmo caso do 2WXB P3. O ajuste não é totalFinal − total calculado num lugar só: cada estratégia devolve o seu (pagamento/PixEstrategia.java:31 desconto negado, BoletoEstrategia.java:31 tarifa, CartaoEstrategia.java:36 zero e :46 subtração), e o serviço só repassa (service/CheckoutService.java:75). Não há trecho copiado, mas também não há um só; a régua não cobre. Arredondamento também chamado nos casos (PixEstrategia.java:30; CartaoEstrategia.java:34, :43).",
A,6SXT,P1,classes,isolado,consulta,comporta,repetida,0,n/a,"forma: src/main/java/com/loja/checkout/entrega/ModalidadeEntrega.java:12; localizacao: src/main/java/com/loja/checkout/entrega/Economica.java:17, Expressa.java:17, RetiradaLoja.java:14, Motoboy.java:17 (cada caso só no próprio arquivo); selecao: src/main/java/com/loja/checkout/dominio/Catalogo.java:22 (Map.get sobre beans) via src/main/java/com/loja/checkout/CalculadoraResumo.java:48; assinatura: src/main/java/com/loja/checkout/entrega/ModalidadeEntrega.java:19 (atende) + src/main/java/com/loja/checkout/entrega/Motoboy.java:31 + src/main/java/com/loja/checkout/CalculadoraResumo.java:50; parte_comum: src/main/java/com/loja/checkout/entrega/Economica.java:22 e src/main/java/com/loja/checkout/entrega/Expressa.java:22 (mesma fórmula e mesmo arredondamento nas duas); custo_caso_novo: nenhum arquivo existente; proporcao: n/a",,"Arredondamento do frete feito dentro de cada caso (Economica.java:22, Expressa.java:22, Motoboy.java:22), sem arredondamento central (CalculadoraResumo.java:53)."
A,6SXT,P2,classes,isolado,consulta,comporta,indeterminado,0,n/a,"forma: src/main/java/com/loja/checkout/cupom/Cupom.java:10; localizacao: src/main/java/com/loja/checkout/cupom/Bemvindo10.java:15, Menos50.java:16, FreteGratis.java:13, Leve3Pague2.java:14 (cada caso só no próprio arquivo); selecao: src/main/java/com/loja/checkout/dominio/Catalogo.java:22 via src/main/java/com/loja/checkout/CalculadoraResumo.java:113; assinatura: src/main/java/com/loja/checkout/cupom/Cupom.java:15 (aplicavel; Menos50.java:20) + src/main/java/com/loja/checkout/cupom/ContextoCupom.java:8 (pedido e frete; FreteGratis.java:18; Leve3Pague2.java:19) + src/main/java/com/loja/checkout/CalculadoraResumo.java:57; parte_comum: indeterminado, ver duvida (src/main/java/com/loja/checkout/cupom/Bemvindo10.java:20; FreteGratis.java:18; Leve3Pague2.java:22; Menos50.java:26; src/main/java/com/loja/checkout/CalculadoraResumo.java:60); custo_caso_novo: nenhum arquivo existente; proporcao: n/a","parte_comum (§2.5): não há arredondamento central do desconto (CalculadoraResumo.java:60 usa o valor como vem); cada cupom chama Dinheiro.centavos no próprio retorno (cupom/Bemvindo10.java:20, FreteGratis.java:18, Leve3Pague2.java:22, Menos50.java:26), e a regra em si está escrita uma vez (dominio/Dinheiro.java:14). A régua não diz se a chamada ao auxiliar repetida em cada caso conta como 'trecho copiado'.","Ausência de cupom tratada por objeto nulo (cupom/SemCupom.java:8); o if em CalculadoraResumo.java:110 testa ausência de código, não um caso."
A,6SXT,P3,classes,isolado,consulta,comporta,indeterminado,0,n/a,"forma: src/main/java/com/loja/checkout/pagamento/FormaPagamento.java:11; localizacao: src/main/java/com/loja/checkout/pagamento/Pix.java:15, Cartao.java:19, Boleto.java:16 (cada caso só no próprio arquivo); selecao: src/main/java/com/loja/checkout/dominio/Catalogo.java:22 via src/main/java/com/loja/checkout/CalculadoraResumo.java:65; assinatura: src/main/java/com/loja/checkout/pagamento/FormaPagamento.java:13 (cobrar recebe parcelas; Cartao.java:28-38) + :15 (aceitaParcelamento) + :18 (atende; Boleto.java:25) + src/main/java/com/loja/checkout/CalculadoraResumo.java:68 e :71; parte_comum: indeterminado, ver duvida (src/main/java/com/loja/checkout/CalculadoraResumo.java:81; src/main/java/com/loja/checkout/pagamento/Pix.java:25; Boleto.java:31; Cartao.java:30 :36); custo_caso_novo: nenhum arquivo existente; proporcao: n/a","parte_comum (§2.5): ajuste = totalFinal − total escrito uma vez (CalculadoraResumo.java:81), mas o arredondamento do total final é chamado dentro de cada caso (pagamento/Pix.java:25, Boleto.java:31, Cartao.java:30 e :36). Mesma dúvida do 2NPV P3: chamada repetida ao auxiliar é repetida ou unica?",
A,8JJ5,P1,classes,isolado,consulta,comporta,repetida,0,n/a,"forma: src/main/java/com/loja/checkout/entrega/ModalidadeEntrega.java:11; localizacao: src/main/java/com/loja/checkout/entrega/EntregaEconomica.java:18, EntregaExpressa.java:18, RetiradaLoja.java:15, EntregaMotoboy.java:17 (cada caso só no próprio arquivo; ModalidadeEntrega.java:13 é só comentário); selecao: src/main/java/com/loja/checkout/entrega/ModalidadesEntrega.java:25 (Map.get sobre beans) via src/main/java/com/loja/checkout/api/ResumoCompraService.java:43; assinatura: src/main/java/com/loja/checkout/entrega/ModalidadeEntrega.java:23 (atende) + src/main/java/com/loja/checkout/entrega/EntregaMotoboy.java:31 + src/main/java/com/loja/checkout/api/ResumoCompraService.java:44; parte_comum: src/main/java/com/loja/checkout/entrega/EntregaEconomica.java:28 e src/main/java/com/loja/checkout/entrega/EntregaExpressa.java:28 (mesma fórmula nas duas); custo_caso_novo: nenhum arquivo existente; proporcao: n/a",,"Frete arredondado duas vezes: nos casos (EntregaEconomica.java:28, EntregaExpressa.java:28) e no serviço (api/ResumoCompraService.java:47)."
A,8JJ5,P2,classes,isolado,consulta,comporta,indeterminado,0,n/a,"forma: src/main/java/com/loja/checkout/cupom/Cupom.java:9; localizacao: src/main/java/com/loja/checkout/cupom/CupomBemvindo10.java:16, CupomMenos50.java:16, CupomFreteGratis.java:14, CupomLeve3Pague2.java:15 (cada caso só no próprio arquivo); selecao: src/main/java/com/loja/checkout/cupom/Cupons.java:25 (Map.get sobre beans) via src/main/java/com/loja/checkout/api/ResumoCompraService.java:82; assinatura: src/main/java/com/loja/checkout/cupom/Cupom.java:15 (aplicavel; CupomMenos50.java:20) + src/main/java/com/loja/checkout/cupom/ContextoCupom.java:8 (pedido e frete; CupomFreteGratis.java:19; CupomLeve3Pague2.java:21) + src/main/java/com/loja/checkout/api/ResumoCompraService.java:84; parte_comum: indeterminado, ver duvida (src/main/java/com/loja/checkout/api/ResumoCompraService.java:87; src/main/java/com/loja/checkout/cupom/CupomBemvindo10.java:21; CupomFreteGratis.java:19; CupomLeve3Pague2.java:25); custo_caso_novo: nenhum arquivo existente; proporcao: n/a","parte_comum (§2.5): o arredondamento do desconto está escrito uma vez no serviço (api/ResumoCompraService.java:87), mas também é repetido, redundante, dentro de três cupons (cupom/CupomBemvindo10.java:21, CupomFreteGratis.java:19, CupomLeve3Pague2.java:25). Existe o 'uma vez' da unica e a cópia da repetida ao mesmo tempo; a régua não diz qual prevalece.",
A,8JJ5,P3,classes,isolado,consulta,comporta,indeterminado,0,n/a,"forma: src/main/java/com/loja/checkout/pagamento/FormaPagamento.java:9; localizacao: src/main/java/com/loja/checkout/pagamento/PagamentoPix.java:16, PagamentoCartao.java:23, PagamentoBoleto.java:17 (cada caso só no próprio arquivo; FormaPagamento.java:11 é só comentário); selecao: src/main/java/com/loja/checkout/pagamento/FormasPagamento.java:25 via src/main/java/com/loja/checkout/api/ResumoCompraService.java:52; assinatura: src/main/java/com/loja/checkout/pagamento/FormaPagamento.java:15 (parcelamentoPermitido) + :18 (atende; PagamentoBoleto.java:26) + :23 (calcular recebe parcelas; PagamentoCartao.java:32-42) + src/main/java/com/loja/checkout/api/ResumoCompraService.java:54 e :60; parte_comum: indeterminado, ver duvida (src/main/java/com/loja/checkout/api/ResumoCompraService.java:65 :73 :75; src/main/java/com/loja/checkout/pagamento/PagamentoPix.java:27; PagamentoBoleto.java:32; PagamentoCartao.java:36 :40); custo_caso_novo: nenhum arquivo existente; proporcao: n/a","parte_comum (§2.5): ajuste = totalFinal − total escrito uma vez (api/ResumoCompraService.java:65) e arredondamento central do total e da parcela (:73, :75), mas o arredondamento também é repetido dentro de cada caso (pagamento/PagamentoPix.java:26-27, PagamentoBoleto.java:32, PagamentoCartao.java:34, :36, :39, :40). Mesma dúvida do 8JJ5 P2.",
