run_id,status,contas,recusas,P1,P2,P3,P4,P5,nota_A,nota_B,nota_C,marcas
V4-STRATEGY-01-HAIKU45-N0,some_failed,11,4.5,0,0,0,0,10,47.5,54.7,52.6,
V4-STRATEGY-01-HAIKU45-N1,some_failed,11,4.5,10,10,0,0,10,67.5,70.7,68.6,
V4-STRATEGY-01-HAIKU45-N2,some_failed,11,4.5,10,10,0,0,10,67.5,70.7,68.6,
V4-STRATEGY-01-HAIKU45-N3,some_failed,11,8,0,0,0,0,10,55.3,62.4,62.3,
V4-STRATEGY-01-OPUS46-N0,all_passed,12,9,0,0,0,0,10,60.0,68.0,68.0,
V4-STRATEGY-01-OPUS46-N1,all_passed,12,9,0,0,0,0,0,50.0,60.0,60.0,P1 indeterminado; P2 indeterminado; P3 indeterminado; P4 indeterminado; P5 indeterminado
V4-STRATEGY-01-OPUS46-N2,all_passed,12,9,10,10,10,10,10,100.0,100.0,100.0,
V4-STRATEGY-01-OPUS46-N3,all_passed,12,9,10,10,10,10,10,100.0,100.0,100.0,
V4-STRATEGY-01-OPUS5-N0,all_passed,12,9,10,10,10,10,10,100.0,100.0,100.0,
V4-STRATEGY-01-OPUS5-N1,all_passed,12,9,10,10,10,10,10,100.0,100.0,100.0,
V4-STRATEGY-01-OPUS5-N2,all_passed,12,9,10,10,10,10,10,100.0,100.0,100.0,
V4-STRATEGY-01-OPUS5-N3,all_passed,12,9,10,10,10,10,10,100.0,100.0,100.0,
V4-STRATEGY-01-SONNET45-N0,some_failed,11,9,10,0,0,10,10,77.5,80.7,81.1,
V4-STRATEGY-01-SONNET45-N1,all_passed,12,9,10,10,10,10,10,100.0,100.0,100.0,
V4-STRATEGY-01-SONNET45-N2,all_passed,12,9,10,10,10,10,10,100.0,100.0,100.0,
V4-STRATEGY-01-SONNET45-N3,some_failed,11,4.5,10,10,10,10,10,87.5,86.7,84.6,
V4-STRATEGY-01-SONNET5-N0,all_passed,12,9,10,10,10,10,10,100.0,100.0,100.0,
V4-STRATEGY-01-SONNET5-N1,all_passed,12,9,10,10,10,10,10,100.0,100.0,100.0,
V4-STRATEGY-01-SONNET5-N2,all_passed,12,9,10,10,10,10,10,100.0,100.0,100.0,
V4-STRATEGY-01-SONNET5-N3,all_passed,12,9,10,10,10,10,10,100.0,100.0,100.0,
V4-STRATEGY-02-HAIKU45-N0,all_passed,12,9,5,0,0,0,10,65.0,72.0,72.0,
V4-STRATEGY-02-HAIKU45-N1,some_failed,8,4.5,0,0,0,0,10,40.0,44.7,43.8,
V4-STRATEGY-02-HAIKU45-N2,some_failed,12,8,10,10,10,10,10,97.8,97.8,97.2,
V4-STRATEGY-02-HAIKU45-N3,some_failed,11,9,10,10,5,10,10,92.5,92.7,93.1,
V4-STRATEGY-02-OPUS46-N0,all_passed,12,9,10,10,10,10,10,100.0,100.0,100.0,
V4-STRATEGY-02-OPUS46-N1,all_passed,12,9,0,0,0,0,0,50.0,60.0,60.0,P1 indeterminado; P2 indeterminado; P3 indeterminado; P4 indeterminado; P5 indeterminado
V4-STRATEGY-02-OPUS46-N2,all_passed,12,9,10,10,10,10,10,100.0,100.0,100.0,
V4-STRATEGY-02-OPUS46-N3,all_passed,12,9,10,10,10,10,10,100.0,100.0,100.0,
V4-STRATEGY-02-OPUS5-N0,all_passed,12,9,10,10,10,10,10,100.0,100.0,100.0,
V4-STRATEGY-02-OPUS5-N1,all_passed,12,9,10,10,10,10,10,100.0,100.0,100.0,
V4-STRATEGY-02-OPUS5-N2,all_passed,12,9,10,10,10,10,10,100.0,100.0,100.0,
V4-STRATEGY-02-OPUS5-N3,all_passed,12,9,10,10,10,10,10,100.0,100.0,100.0,
V4-STRATEGY-02-SONNET45-N0,all_passed,12,9,10,0,0,10,10,80.0,84.0,84.0,
V4-STRATEGY-02-SONNET45-N1,some_failed,11,4,10,10,10,10,10,86.4,85.6,83.2,
V4-STRATEGY-02-SONNET45-N2,some_failed,11,9,10,10,10,10,10,97.5,96.7,97.1,
V4-STRATEGY-02-SONNET45-N3,some_failed,12,4.5,10,10,10,10,10,90.0,90.0,87.5,
V4-STRATEGY-02-SONNET5-N0,all_passed,12,9,10,10,10,10,10,100.0,100.0,100.0,
V4-STRATEGY-02-SONNET5-N1,all_passed,12,9,10,10,10,10,10,100.0,100.0,100.0,
V4-STRATEGY-02-SONNET5-N2,all_passed,12,9,10,10,10,10,10,100.0,100.0,100.0,
V4-STRATEGY-02-SONNET5-N3,all_passed,12,9,10,10,10,10,10,100.0,100.0,100.0,
V4-STRATEGY-03-HAIKU45-N0,some_failed,11,4.5,0,0,0,0,10,47.5,54.7,52.6,
V4-STRATEGY-03-HAIKU45-N1,some_failed,9,9,0,0,0,0,10,52.5,58.0,59.3,
V4-STRATEGY-03-HAIKU45-N2,some_failed,11,4,0,0,0,0,10,46.4,53.6,51.2,
V4-STRATEGY-03-HAIKU45-N3,some_failed,11,8,0,10,0,0,10,65.3,70.4,70.3,
V4-STRATEGY-03-OPUS46-N0,all_passed,12,9,10,10,0,10,10,90.0,92.0,92.0,
V4-STRATEGY-03-OPUS46-N1,all_passed,12,9,0,0,0,0,0,50.0,60.0,60.0,P1 indeterminado; P2 indeterminado; P3 indeterminado; P4 indeterminado; P5 indeterminado
V4-STRATEGY-03-OPUS46-N2,all_passed,12,9,10,10,10,10,10,100.0,100.0,100.0,
V4-STRATEGY-03-OPUS46-N3,all_passed,12,9,10,10,10,10,10,100.0,100.0,100.0,
V4-STRATEGY-03-OPUS5-N0,all_passed,12,9,10,10,10,10,10,100.0,100.0,100.0,
V4-STRATEGY-03-OPUS5-N1,all_passed,12,9,10,10,10,10,10,100.0,100.0,100.0,
V4-STRATEGY-03-OPUS5-N2,all_passed,12,9,10,10,10,10,10,100.0,100.0,100.0,
V4-STRATEGY-03-OPUS5-N3,all_passed,12,9,10,10,10,10,10,100.0,100.0,100.0,
V4-STRATEGY-03-SONNET45-N0,some_failed,11,8,10,0,0,10,10,75.3,78.4,78.3,
V4-STRATEGY-03-SONNET45-N1,all_passed,12,9,10,10,10,10,10,100.0,100.0,100.0,
V4-STRATEGY-03-SONNET45-N2,all_passed,12,9,10,10,10,10,10,100.0,100.0,100.0,
V4-STRATEGY-03-SONNET45-N3,some_failed,12,8,10,0,10,10,10,87.8,89.8,89.2,
V4-STRATEGY-03-SONNET5-N0,some_failed,11,9,10,10,0,10,10,87.5,88.7,89.1,
V4-STRATEGY-03-SONNET5-N1,all_passed,12,9,10,10,10,10,10,100.0,100.0,100.0,
V4-STRATEGY-03-SONNET5-N2,all_passed,12,9,10,10,10,10,10,100.0,100.0,100.0,
V4-STRATEGY-03-SONNET5-N3,all_passed,12,9,10,10,10,10,10,100.0,100.0,100.0,
V4-STRATEGY-04-HAIKU45-N0,some_failed,12,5,0,0,0,0,10,51.1,59.1,56.9,
V4-STRATEGY-04-HAIKU45-N1,some_failed,10,8,5,0,0,0,10,57.8,63.1,63.4,
V4-STRATEGY-04-HAIKU45-N2,some_failed,9,4,0,0,0,0,10,41.4,46.9,45.4,
V4-STRATEGY-04-HAIKU45-N3,some_failed,10,5,10,0,10,10,10,76.1,76.4,75.1,
V4-STRATEGY-04-OPUS46-N0,all_passed,12,9,0,0,0,0,10,60.0,68.0,68.0,
V4-STRATEGY-04-OPUS46-N1,all_passed,12,9,10,10,10,10,10,100.0,100.0,100.0,
V4-STRATEGY-04-OPUS46-N2,all_passed,12,9,0,0,0,0,0,50.0,60.0,60.0,P1 indeterminado; P2 indeterminado; P3 indeterminado; P4 indeterminado; P5 indeterminado
V4-STRATEGY-04-OPUS46-N3,all_passed,12,9,10,10,10,10,10,100.0,100.0,100.0,
V4-STRATEGY-04-OPUS5-N0,all_passed,12,9,10,10,10,10,10,100.0,100.0,100.0,
V4-STRATEGY-04-OPUS5-N1,all_passed,12,9,10,10,10,10,10,100.0,100.0,100.0,
V4-STRATEGY-04-OPUS5-N2,all_passed,12,9,10,10,10,10,10,100.0,100.0,100.0,
V4-STRATEGY-04-OPUS5-N3,all_passed,12,9,10,10,10,10,10,100.0,100.0,100.0,
V4-STRATEGY-04-SONNET45-N0,app_did_not_start,0,0,10,0,0,10,10,0.0,0.0,0.0,trava: app_did_not_start
V4-STRATEGY-04-SONNET45-N1,all_passed,12,9,10,10,10,10,10,100.0,100.0,100.0,
V4-STRATEGY-04-SONNET45-N2,all_passed,12,9,10,10,10,10,0,90.0,92.0,92.0,
V4-STRATEGY-04-SONNET45-N3,all_passed,12,9,10,10,10,10,10,100.0,100.0,100.0,
V4-STRATEGY-04-SONNET5-N0,all_passed,12,9,10,10,10,10,10,100.0,100.0,100.0,
V4-STRATEGY-04-SONNET5-N1,all_passed,12,9,10,10,10,10,10,100.0,100.0,100.0,
V4-STRATEGY-04-SONNET5-N2,all_passed,12,9,10,10,10,10,10,100.0,100.0,100.0,
V4-STRATEGY-04-SONNET5-N3,all_passed,12,9,10,10,10,10,10,100.0,100.0,100.0,
V4-STRATEGY-05-HAIKU45-N0,app_did_not_start,0,0,0,0,0,0,10,0.0,0.0,0.0,trava: app_did_not_start
V4-STRATEGY-05-HAIKU45-N1,some_failed,11,5,0,0,0,0,10,48.6,55.8,54.0,
V4-STRATEGY-05-HAIKU45-N2,some_failed,12,8,0,0,0,10,10,67.8,73.8,73.2,
V4-STRATEGY-05-HAIKU45-N3,some_failed,11,8,5,0,5,0,10,65.3,70.4,70.3,
V4-STRATEGY-05-OPUS46-N0,all_passed,12,9,10,10,0,10,10,90.0,92.0,92.0,
V4-STRATEGY-05-OPUS46-N1,all_passed,12,9,10,10,10,10,10,100.0,100.0,100.0,
V4-STRATEGY-05-OPUS46-N2,some_failed,12,4.5,10,10,10,10,10,90.0,90.0,87.5,
V4-STRATEGY-05-OPUS46-N3,all_passed,12,9,10,10,10,10,10,100.0,100.0,100.0,
V4-STRATEGY-05-OPUS5-N0,all_passed,12,9,10,10,10,10,10,100.0,100.0,100.0,
V4-STRATEGY-05-OPUS5-N1,all_passed,12,9,10,10,10,10,10,100.0,100.0,100.0,
V4-STRATEGY-05-OPUS5-N2,all_passed,12,9,10,10,10,10,10,100.0,100.0,100.0,
V4-STRATEGY-05-OPUS5-N3,all_passed,12,9,10,10,10,10,10,100.0,100.0,100.0,
V4-STRATEGY-05-SONNET45-N0,some_failed,11,9,10,0,0,0,10,67.5,72.7,73.1,
V4-STRATEGY-05-SONNET45-N1,all_passed,12,9,10,10,10,10,10,100.0,100.0,100.0,
V4-STRATEGY-05-SONNET45-N2,some_failed,12,8,10,10,10,10,10,97.8,97.8,97.2,
V4-STRATEGY-05-SONNET45-N3,all_passed,12,9,10,10,10,10,10,100.0,100.0,100.0,
V4-STRATEGY-05-SONNET5-N0,all_passed,12,9,10,10,0,10,10,90.0,92.0,92.0,
V4-STRATEGY-05-SONNET5-N1,all_passed,12,9,10,10,10,10,10,100.0,100.0,100.0,
V4-STRATEGY-05-SONNET5-N2,all_passed,12,9,10,10,10,10,10,100.0,100.0,100.0,
V4-STRATEGY-05-SONNET5-N3,all_passed,12,9,10,10,10,10,10,100.0,100.0,100.0,
