run_id,grupo,total,falhas,aprovados_pct
MED-07-VAZIO-HAIKU-COM,arredondamento,4,0,100.0
MED-07-VAZIO-HAIKU-COM,cupons,14,0,100.0
MED-07-VAZIO-HAIKU-COM,entrega,9,0,100.0
MED-07-VAZIO-HAIKU-COM,exemplos-enunciado,4,1,75.0
MED-07-VAZIO-HAIKU-COM,opcionais-validacao,10,0,100.0
MED-07-VAZIO-HAIKU-COM,pagamento,11,2,81.8
MED-07-VAZIO-HAIKU-COM,precedencia-erros,7,0,100.0
MED-07-VAZIO-HAIKU-COM,rotas-sem-exemplo,1,0,100.0
MED-07-VAZIO-HAIKU-SEM,arredondamento,4,0,100.0
MED-07-VAZIO-HAIKU-SEM,cupons,14,0,100.0
MED-07-VAZIO-HAIKU-SEM,entrega,9,0,100.0
MED-07-VAZIO-HAIKU-SEM,exemplos-enunciado,4,0,100.0
MED-07-VAZIO-HAIKU-SEM,opcionais-validacao,10,0,100.0
MED-07-VAZIO-HAIKU-SEM,pagamento,11,1,90.9
MED-07-VAZIO-HAIKU-SEM,precedencia-erros,7,0,100.0
MED-07-VAZIO-HAIKU-SEM,rotas-sem-exemplo,1,0,100.0
MED-07-VAZIO-OPUS-COM,arredondamento,4,0,100.0
MED-07-VAZIO-OPUS-COM,cupons,14,0,100.0
MED-07-VAZIO-OPUS-COM,entrega,9,0,100.0
MED-07-VAZIO-OPUS-COM,exemplos-enunciado,4,0,100.0
MED-07-VAZIO-OPUS-COM,opcionais-validacao,10,0,100.0
MED-07-VAZIO-OPUS-COM,pagamento,11,0,100.0
MED-07-VAZIO-OPUS-COM,precedencia-erros,7,0,100.0
MED-07-VAZIO-OPUS-COM,rotas-sem-exemplo,1,0,100.0
MED-07-VAZIO-OPUS-SEM,arredondamento,4,0,100.0
MED-07-VAZIO-OPUS-SEM,cupons,14,0,100.0
MED-07-VAZIO-OPUS-SEM,entrega,9,0,100.0
MED-07-VAZIO-OPUS-SEM,exemplos-enunciado,4,0,100.0
MED-07-VAZIO-OPUS-SEM,opcionais-validacao,10,0,100.0
MED-07-VAZIO-OPUS-SEM,pagamento,11,0,100.0
MED-07-VAZIO-OPUS-SEM,precedencia-erros,7,0,100.0
MED-07-VAZIO-OPUS-SEM,rotas-sem-exemplo,1,0,100.0
MED-07-VAZIO-SONNET-COM,arredondamento,4,0,100.0
MED-07-VAZIO-SONNET-COM,cupons,14,0,100.0
MED-07-VAZIO-SONNET-COM,entrega,9,0,100.0
MED-07-VAZIO-SONNET-COM,exemplos-enunciado,4,0,100.0
MED-07-VAZIO-SONNET-COM,opcionais-validacao,10,0,100.0
MED-07-VAZIO-SONNET-COM,pagamento,11,0,100.0
MED-07-VAZIO-SONNET-COM,precedencia-erros,7,0,100.0
MED-07-VAZIO-SONNET-COM,rotas-sem-exemplo,1,0,100.0
MED-07-VAZIO-SONNET-SEM,arredondamento,4,0,100.0
MED-07-VAZIO-SONNET-SEM,cupons,14,0,100.0
MED-07-VAZIO-SONNET-SEM,entrega,9,0,100.0
MED-07-VAZIO-SONNET-SEM,exemplos-enunciado,4,0,100.0
MED-07-VAZIO-SONNET-SEM,opcionais-validacao,10,0,100.0
MED-07-VAZIO-SONNET-SEM,pagamento,11,0,100.0
MED-07-VAZIO-SONNET-SEM,precedencia-erros,7,0,100.0
MED-07-VAZIO-SONNET-SEM,rotas-sem-exemplo,1,0,100.0
FUMACA-03-HAIKU-COM,arredondamento,4,0,100.0
FUMACA-03-HAIKU-COM,cupons,14,0,100.0
FUMACA-03-HAIKU-COM,entrega,9,0,100.0
FUMACA-03-HAIKU-COM,exemplos-enunciado,4,1,75.0
FUMACA-03-HAIKU-COM,opcionais-validacao,10,0,100.0
FUMACA-03-HAIKU-COM,pagamento,11,2,81.8
FUMACA-03-HAIKU-COM,precedencia-erros,7,0,100.0
FUMACA-03-HAIKU-COM,rotas-sem-exemplo,1,0,100.0
FUMACA-03-HAIKU-SEM,arredondamento,4,1,75.0
FUMACA-03-HAIKU-SEM,cupons,14,2,85.7
FUMACA-03-HAIKU-SEM,entrega,9,0,100.0
FUMACA-03-HAIKU-SEM,exemplos-enunciado,4,1,75.0
FUMACA-03-HAIKU-SEM,opcionais-validacao,10,0,100.0
FUMACA-03-HAIKU-SEM,pagamento,11,2,81.8
FUMACA-03-HAIKU-SEM,precedencia-erros,7,0,100.0
FUMACA-03-HAIKU-SEM,rotas-sem-exemplo,1,1,0.0
FUMACA-03-OPUS-COM,arredondamento,4,0,100.0
FUMACA-03-OPUS-COM,cupons,14,0,100.0
FUMACA-03-OPUS-COM,entrega,9,0,100.0
FUMACA-03-OPUS-COM,exemplos-enunciado,4,0,100.0
FUMACA-03-OPUS-COM,opcionais-validacao,10,0,100.0
FUMACA-03-OPUS-COM,pagamento,11,0,100.0
FUMACA-03-OPUS-COM,precedencia-erros,7,0,100.0
FUMACA-03-OPUS-COM,rotas-sem-exemplo,1,0,100.0
FUMACA-03-OPUS-SEM,arredondamento,4,0,100.0
FUMACA-03-OPUS-SEM,cupons,14,0,100.0
FUMACA-03-OPUS-SEM,entrega,9,0,100.0
FUMACA-03-OPUS-SEM,exemplos-enunciado,4,0,100.0
FUMACA-03-OPUS-SEM,opcionais-validacao,10,0,100.0
FUMACA-03-OPUS-SEM,pagamento,11,0,100.0
FUMACA-03-OPUS-SEM,precedencia-erros,7,0,100.0
FUMACA-03-OPUS-SEM,rotas-sem-exemplo,1,0,100.0
FUMACA-03-SONNET-COM,arredondamento,4,0,100.0
FUMACA-03-SONNET-COM,cupons,14,0,100.0
FUMACA-03-SONNET-COM,entrega,9,0,100.0
FUMACA-03-SONNET-COM,exemplos-enunciado,4,0,100.0
FUMACA-03-SONNET-COM,opcionais-validacao,10,0,100.0
FUMACA-03-SONNET-COM,pagamento,11,0,100.0
FUMACA-03-SONNET-COM,precedencia-erros,7,0,100.0
FUMACA-03-SONNET-COM,rotas-sem-exemplo,1,0,100.0
FUMACA-03-SONNET-SEM,arredondamento,4,0,100.0
FUMACA-03-SONNET-SEM,cupons,14,0,100.0
FUMACA-03-SONNET-SEM,entrega,9,0,100.0
FUMACA-03-SONNET-SEM,exemplos-enunciado,4,0,100.0
FUMACA-03-SONNET-SEM,opcionais-validacao,10,0,100.0
FUMACA-03-SONNET-SEM,pagamento,11,0,100.0
FUMACA-03-SONNET-SEM,precedencia-erros,7,0,100.0
FUMACA-03-SONNET-SEM,rotas-sem-exemplo,1,0,100.0
