blind_code,run_id,files,condition_leaks,seed
2JV8,EXT-01-SONNET-HARNESS,22,0,41
4T9R,EXT-02-OPUS-HARNESS,40,0,41
9PKB,EXT-01-HAIKU-HARNESS,17,0,41
CDTR,EXT-02-HAIKU-HARNESS,22,0,41
CJQM,EXT-01-HAIKU-CONTROL,18,0,41
CK9R,EXT-03-OPUS-CONTROL,47,0,41
DZW4,EXT-01-SONNET-CONTROL,23,0,41
G6G3,EXT-03-SONNET-HARNESS,35,0,41
H6HJ,EXT-03-SONNET-CONTROL,17,0,41
KR75,EXT-02-SONNET-CONTROL,42,0,41
LXKG,EXT-02-SONNET-HARNESS,23,0,41
PXZN,EXT-02-OPUS-CONTROL,42,0,41
Q255,EXT-03-HAIKU-HARNESS,17,0,41
SC8C,EXT-01-OPUS-HARNESS,24,0,41
T4JK,EXT-02-HAIKU-CONTROL,10,0,41
X8G2,EXT-03-HAIKU-CONTROL,10,0,41
ZN9W,EXT-01-OPUS-CONTROL,49,0,41
ZNGZ,EXT-03-OPUS-HARNESS,38,0,41
